Date,Open,High,Low,Close,Volume,adj_close,shares
2009-01-02,39.5,41.07,38.93,40.75,217400,38.36,vw
2009-01-05,41.84,42.39,40.25,41.5,207800,39.06,vw
2009-01-06,42,46,41.93,43.55,286800,40.99,vw
2009-01-07,44.18,44.18,40.2,40.35,359700,37.98,vw
2009-01-08,40,41.63,38.25,40.85,410200,38.45,vw
2009-01-09,40.7,42.25,39.76,41.34,311000,38.91,vw
2009-01-12,41.2,41.49,38.72,39.03,165500,36.74,vw
2009-01-13,39.3,39.43,37.6,38.49,261300,36.23,vw
2009-01-14,39,39.7,37.95,38.09,155300,35.85,vw
2009-01-15,38.43,39.24,37.54,38.4,292300,36.14,vw
2009-01-16,39,39,36,37.56,209400,35.35,vw
2009-01-19,38.85,38.85,37,37,182800,34.83,vw
2009-01-20,37.5,38.25,36.8,37.4,201000,35.2,vw
2009-01-21,37.25,39.3,36.57,37.74,205000,35.52,vw
2009-01-22,37.15,38.32,35.01,35.5,340500,33.41,vw
2009-01-23,35.54,36.08,33.1,34.03,201300,32.03,vw
2009-01-26,34,34.75,31.75,34.39,161600,32.37,vw
2009-01-27,34.65,36.26,33.51,35.12,142300,33.06,vw
2009-01-28,35.8,38.78,35.65,38.36,266900,36.11,vw
2009-01-29,38.36,38.83,36.72,38.83,174600,36.55,vw
2009-01-30,38.8,40.1,38,38.75,328800,36.47,vw
2009-02-02,39,39,34.7,36.24,216600,34.11,vw
2009-02-03,36.67,36.89,33.65,35.92,208900,33.81,vw
2009-02-04,37.1,38,36.03,36.84,181500,34.68,vw
2009-02-05,35.84,37.37,35.55,36.29,120500,34.16,vw
2009-02-06,36.9,38.99,36,38,208800,35.77,vw
2009-02-09,38.2,39.5,37.26,39.07,252200,36.77,vw
2009-02-10,39.65,39.65,36.4,36.4,241200,34.26,vw
2009-02-11,36.39,37.08,35.55,36.4,145900,34.26,vw
2009-02-12,36.77,36.77,35.01,35.58,131200,33.49,vw
2009-02-13,36.51,38,36.4,37,212400,34.83,vw
2009-02-16,37.32,38.48,36.53,37.75,180200,35.53,vw
2009-02-17,37.49,37.79,36.92,37.2,113300,35.01,vw
2009-02-18,37.65,39.37,36.75,38.66,343000,36.39,vw
2009-02-19,38.66,39.25,38,38.41,179300,36.15,vw
2009-02-20,38,38.28,36.5,36.74,128800,34.58,vw
2009-02-23,37.7,37.7,35.5,36.05,220300,33.93,vw
2009-02-24,35.63,35.98,34,34.5,217600,32.47,vw
2009-02-25,35.03,35.09,33.77,34.61,200400,32.58,vw
2009-02-26,34.71,36.45,34.65,35.88,235300,33.77,vw
2009-02-27,34.86,36.4,33.9,35.62,274000,33.53,vw
2009-03-02,34.4,36.8,33,34.23,282000,32.22,vw
2009-03-03,34.89,35.57,34.23,34.99,335200,32.93,vw
2009-03-04,35.75,36.65,34.54,36.39,291600,34.25,vw
2009-03-05,36,36,32.77,33,244100,31.06,vw
2009-03-06,33.82,34.35,31.49,31.49,117900,29.64,vw
2009-03-09,31.11,31.42,29.55,30.24,279400,28.46,vw
2009-03-10,30.6,31.89,30.55,31.09,373800,29.26,vw
2009-03-11,30.8,36.2,30.7,35.6,925800,33.51,vw
2009-03-12,35.55,37.3,34.91,36.32,405500,34.19,vw
2009-03-13,37.43,37.46,35.64,36.39,273900,34.25,vw
2009-03-16,37.45,38.33,36.01,36.76,255100,34.6,vw
2009-03-17,36.5,36.67,34.85,35.71,402100,33.61,vw
2009-03-18,35.55,35.89,33.8,34.97,325000,32.92,vw
2009-03-19,34.88,37.43,34.88,36.27,484200,34.14,vw
2009-03-20,36.36,36.67,34.99,35.4,563300,33.32,vw
2009-03-23,36.5,36.88,34.88,35.3,263500,33.23,vw
2009-03-24,35.9,36.44,35.5,36,164900,33.89,vw
2009-03-25,37.3,38.4,35.6,38.1,618800,35.86,vw
2009-03-26,38.1,40.58,38.1,40.58,1149700,38.2,vw
2009-03-27,41.15,45.39,39.53,44.2,916600,41.6,vw
2009-03-30,43.27,44.2,40.75,41.5,712100,39.06,vw
2009-03-31,42,44.89,40.9,43.34,407500,40.79,vw
2009-04-01,42.72,46.67,42.72,46,415100,43.3,vw
2009-04-02,46.6,50.6,46.6,49.13,558600,46.24,vw
2009-04-03,49.14,49.74,45.9,47.39,577600,44.61,vw
2009-04-06,48.3,50.4,46.5,49.65,627100,46.73,vw
2009-04-07,51,53.85,50.67,52.07,668700,49.01,vw
2009-04-08,51.6,53.75,51.36,52.39,467900,49.31,vw
2009-04-09,53.73,56.25,53.09,55.57,427400,52.31,vw
2009-04-14,58.7,59.1,56.09,56.3,466800,52.99,vw
2009-04-15,54.85,54.85,50.65,52.15,901700,49.09,vw
2009-04-16,52.45,55.78,51.8,53.58,678300,50.43,vw
2009-04-17,54.98,56.54,53.22,56,469000,52.71,vw
2009-04-20,57.01,57.4,53.51,54.8,313500,51.58,vw
2009-04-21,55.05,55.5,49.65,52,404700,48.95,vw
2009-04-22,53.46,55.33,51.17,54.64,332700,51.43,vw
2009-04-23,54.65,54.72,51.5,52.67,575900,49.58,vw
2009-04-24,51.49,51.93,49.79,50.99,643400,49.88,vw
2009-04-27,49.6,50.25,47.38,48.59,445400,47.53,vw
2009-04-28,48.25,48.25,45.02,46.34,623700,45.33,vw
2009-04-29,46.01,46.82,44.95,45.1,487100,44.12,vw
2009-04-30,45.78,48.89,45.76,48,651900,46.95,vw
2009-05-04,48.5,48.5,44.49,45.42,572600,44.43,vw
2009-05-05,45.41,46.97,44.53,46.34,364300,45.33,vw
2009-05-06,46.74,47.51,44.76,45.54,429700,44.55,vw
2009-05-07,47.11,49.3,44.42,46.22,1146800,45.21,vw
2009-05-08,46.39,47.15,44.51,45.42,609100,44.43,vw
2009-05-11,45.2,45.66,41.36,41.79,880800,40.88,vw
2009-05-12,41.13,44.87,41.13,42.5,476400,41.57,vw
2009-05-13,42.2,42.95,41.91,42.52,467300,41.59,vw
2009-05-14,42.75,45.48,42.53,44.95,537700,43.97,vw
2009-05-15,45.13,48.94,44.28,48.15,397400,47.1,vw
2009-05-18,47.29,47.75,46.07,47.16,259800,46.13,vw
2009-05-19,47.36,49.85,47,49.15,380700,48.08,vw
2009-05-20,49.55,50.8,48.6,49.5,291300,48.42,vw
2009-05-21,49.05,49.36,48.51,49,41600,47.93,vw
2009-05-22,49.1,50.08,46.95,50.08,159800,48.99,vw
2009-05-25,50.2,50.2,48,49,124100,47.93,vw
2009-05-26,48.3,49.39,46.65,49.39,194700,48.31,vw
2009-05-27,49.49,49.49,48.5,49.4,157500,48.32,vw
2009-05-28,48.85,49.42,48.25,49.3,111200,48.23,vw
2009-05-29,49.2,50.84,48.4,50.48,305200,49.38,vw
2009-06-01,51,54.3,51,54.3,145200,53.12,vw
2009-06-02,53.99,54.3,52.4,52.65,151900,51.5,vw
2009-06-03,54,54,49.21,50.23,183200,49.14,vw
2009-06-04,49.76,52.5,48.36,52.31,211200,51.17,vw
2009-06-05,52,54.5,51.93,53.7,417000,52.53,vw
2009-06-08,53.5,54.66,52.63,53.1,192000,51.94,vw
2009-06-09,52.92,54,52.23,52.5,196300,51.36,vw
2009-06-10,53.1,53.78,52.37,52.89,163200,51.74,vw
2009-06-11,53.1,53.57,51.73,52.5,223800,51.36,vw
2009-06-12,52.62,53.36,51.7,52.25,146100,51.11,vw
2009-06-15,52.53,52.53,49.98,50.79,152300,49.68,vw
2009-06-16,50.88,50.99,48.2,48.42,361500,47.36,vw
2009-06-17,48.63,48.98,45.55,46.58,346100,45.57,vw
2009-06-18,46.61,48.24,46.21,47.95,272300,46.91,vw
2009-06-19,48.5,49.03,46.81,47.77,184500,46.73,vw
2009-06-22,47.59,48.59,46.42,46.58,164100,45.57,vw
2009-06-23,46.89,48.38,46.72,47.59,117600,46.55,vw
2009-06-24,47.05,48.05,45.9,47.5,368500,46.46,vw
2009-06-25,47.5,48.75,47.09,48.1,241000,47.05,vw
2009-06-26,48,49,46.4,47.69,278400,46.65,vw
2009-06-29,47.95,48.19,46.86,48.19,353800,47.14,vw
2009-06-30,48.52,50.55,48.5,49.76,543500,48.68,vw
2009-07-01,50.88,51.5,48.37,49.14,269300,48.07,vw
2009-07-02,49.99,50.7,49.31,50.04,291500,48.95,vw
2009-07-03,50.5,50.93,49.42,49.7,135600,48.62,vw
2009-07-06,50.2,50.2,49.1,50.09,86800,49,vw
2009-07-07,50,50,48.8,49.3,155900,48.23,vw
2009-07-08,49.4,49.79,47.68,49.1,302100,48.03,vw
2009-07-09,49.1,51,49.1,51,238200,49.89,vw
2009-07-10,50.86,51.7,50.3,50.8,224500,49.69,vw
2009-07-13,51.48,53.47,51.22,53.2,265000,52.04,vw
2009-07-14,53.55,56.68,53.55,55.89,724200,54.67,vw
2009-07-15,56.4,58.09,55.52,58.02,462700,56.76,vw
2009-07-16,58.05,58.48,56.2,57.99,580300,56.73,vw
2009-07-17,57.85,57.85,55.99,56.35,351700,55.12,vw
2009-07-20,55.97,55.97,51.9,52.68,677300,51.53,vw
2009-07-21,53.25,54.44,52.69,53.7,386900,52.53,vw
2009-07-22,53.9,53.97,52.3,53.65,286700,52.48,vw
2009-07-23,54.35,57.32,52.8,53.5,1274900,52.33,vw
2009-07-24,54,56.98,53.45,56.95,917300,55.71,vw
2009-07-27,56.5,56.5,53.42,56.4,589400,55.17,vw
2009-07-28,55.9,56.8,53.25,55,666100,53.8,vw
2009-07-29,54.68,55.75,54.1,54.7,228900,53.51,vw
2009-07-30,54.81,55,52.21,54.63,473000,53.44,vw
2009-07-31,54.79,55.22,54.17,54.99,262800,53.79,vw
2009-08-03,54.89,56.95,54.72,56.63,303600,55.4,vw
2009-08-04,56.6,59.8,56.05,56.63,366900,55.4,vw
2009-08-05,56.99,58.94,56.66,57.01,349700,55.77,vw
2009-08-06,58.15,58.69,56.8,58.43,228000,57.16,vw
2009-08-07,58.6,58.76,57.01,58.45,219100,57.18,vw
2009-08-10,58.25,58.77,57.05,57.65,198100,56.39,vw
2009-08-11,57.33,57.72,55.34,56.68,254400,55.44,vw
2009-08-12,56.67,58.5,56.01,58.3,205100,57.03,vw
2009-08-13,57.8,60.86,57.72,60.14,276400,58.83,vw
2009-08-14,59.75,59.75,55.1,56.64,1523700,55.41,vw
2009-08-17,56.56,58.47,54.75,57.24,622700,55.99,vw
2009-08-18,57.4,60,57.2,59.5,469400,58.2,vw
2009-08-19,59.99,69.01,59.31,68.42,1855600,66.93,vw
2009-08-20,68.96,69,62.86,63,1520500,61.63,vw
2009-08-21,63.35,64.39,62.7,62.7,527400,61.33,vw
2009-08-24,63.78,63.93,62.15,62.4,330200,61.04,vw
2009-08-25,62.6,64.14,61.6,63,600400,61.63,vw
2009-08-26,63.8,63.83,61.88,62.02,302900,60.67,vw
2009-08-27,61.05,63.74,61.05,63,278800,61.63,vw
2009-08-28,63.1,66.9,63.1,64.56,554200,63.15,vw
2009-08-31,65.01,67,64.23,65.47,319500,64.04,vw
2009-09-01,66.39,67.5,64.42,65.59,661300,64.16,vw
2009-09-02,65.39,65.97,64.22,65.56,350100,64.13,vw
2009-09-03,65.85,66.98,65.5,66.55,233700,65.1,vw
2009-09-04,66.29,66.55,64.5,65.95,346900,64.51,vw
2009-09-07,66.03,66.58,65.25,65.75,205600,64.32,vw
2009-09-08,65.6,66.25,64.46,64.88,178000,63.47,vw
2009-09-09,64.52,65.5,64.24,64.75,202500,63.34,vw
2009-09-10,64.88,65.7,63.1,64,266200,62.61,vw
2009-09-11,64,67.34,63.88,67,441400,65.54,vw
2009-09-14,68,70,67.14,68.96,653900,67.46,vw
2009-09-15,70.5,72.5,69.75,71.49,572300,69.93,vw
2009-09-16,72.49,76.77,72.05,75.25,922300,73.61,vw
2009-09-17,76.4,76.5,73.53,74.46,362400,72.84,vw
2009-09-18,74,76.4,71.09,72.33,600100,70.75,vw
2009-09-21,72.94,73.38,68.3,69.25,485000,67.74,vw
2009-09-22,69.99,70.89,68.2,68.9,290000,67.4,vw
2009-09-23,69.5,71.44,69,70.5,465700,68.96,vw
2009-09-24,70.95,73.69,69.89,72.29,387600,70.71,vw
2009-09-25,72.6,76,72.2,75.3,480100,73.66,vw
2009-09-28,75.1,76.3,73.7,75.3,313800,73.66,vw
2009-09-29,76,78.55,74.9,78.05,571700,76.35,vw
2009-09-30,78.4,81.89,78.26,79.59,629200,77.86,vw
2009-10-01,79.81,80.85,76.01,76.01,323400,74.35,vw
2009-10-02,75.21,76.48,73.04,74.6,519300,72.97,vw
2009-10-05,74.05,76.25,74.04,75.96,255100,74.3,vw
2009-10-06,76.5,80.17,76.4,79.25,530400,77.52,vw
2009-10-07,80,80.8,78.45,80.63,302200,78.87,vw
2009-10-08,80.52,82.9,78.5,81.72,584500,79.94,vw
2009-10-09,81.48,82.77,79.69,79.69,449500,77.95,vw
2009-10-12,79.9,81.41,76.89,77.25,423500,75.57,vw
2009-10-13,78.4,79.72,76.97,77.86,418000,76.16,vw
2009-10-14,78.2,79.22,76.25,76.57,610000,74.9,vw
2009-10-15,76.9,78.6,76.6,77.87,348600,76.17,vw
2009-10-16,76.3,76.3,72.6,73,1099000,71.41,vw
2009-10-19,73.79,75.65,72.7,74,507500,72.39,vw
2009-10-20,73.7,74.71,71.01,71.31,740100,69.76,vw
2009-10-21,71.9,73.84,71.28,72.73,328200,71.15,vw
2009-10-22,71.7,73.61,71.37,73.05,213000,71.46,vw
2009-10-23,74.17,74.38,73.15,73.34,160900,71.74,vw
2009-10-26,74.26,74.48,71.58,71.77,211100,70.21,vw
2009-10-27,71.52,72.26,68.1,68.74,501500,67.24,vw
2009-10-28,69.4,69.5,64.3,65.34,783600,63.92,vw
2009-10-29,64.97,70.13,63.5,70,856500,68.47,vw
2009-10-30,70.4,70.4,66.51,67.67,515800,66.2,vw
2009-11-02,66.16,68,65.5,67,330000,65.54,vw
2009-11-03,66.4,67.5,64.59,66.3,389500,64.86,vw
2009-11-04,68.05,68.7,66.31,67.31,356400,65.84,vw
2009-11-05,66.87,68.57,65.5,68.1,394700,66.62,vw
2009-11-06,67.89,70.4,67.7,69.67,443800,68.15,vw
2009-11-09,70.02,71.88,70.01,71.5,501100,69.94,vw
2009-11-10,64.6,65.25,59.51,60.22,11238000,58.91,vw
2009-11-11,60.4,62.34,59.77,60.67,3683900,59.35,vw
2009-11-12,60.98,61.45,60.03,60.03,1202900,58.72,vw
2009-11-13,60.55,61.2,60.08,60.25,1342600,58.94,vw
2009-11-16,61.1,62.7,60.7,62.45,1053800,61.09,vw
2009-11-17,62.8,62.99,61.61,61.85,734300,60.5,vw
2009-11-18,62.17,62.62,61.53,61.62,718200,60.28,vw
2009-11-19,61.77,61.79,60.68,61.2,619000,59.87,vw
2009-11-20,61.38,61.38,57.28,57.51,2029600,56.26,vw
2009-11-23,58.2,59.8,58,59.22,1204000,57.93,vw
2009-11-24,59.29,60.2,56.86,57.61,1823300,56.35,vw
2009-11-25,58.39,59.26,56.65,57.2,1141800,55.95,vw
2009-11-26,57,57,52.9,53.54,1934300,52.37,vw
2009-11-27,52.49,54.94,51.54,54.5,2121000,53.31,vw
2009-11-30,55.85,57.2,54.96,56.5,1485200,55.27,vw
2009-12-01,58.25,60.01,58.2,59.5,2001800,58.2,vw
2009-12-02,60.11,61.63,59.26,61.63,1276800,60.29,vw
2009-12-03,62,63.62,61.63,62.7,1592500,61.33,vw
2009-12-04,61.9,63.79,60.3,63.5,1060300,62.12,vw
2009-12-07,63.75,64.97,63.32,64.53,811200,63.12,vw
2009-12-08,64.99,65.14,63.35,64.1,1364000,62.7,vw
2009-12-09,64.26,65.19,63.31,63.59,1138700,62.2,vw
2009-12-10,64,65.37,63.3,65,692500,63.58,vw
2009-12-11,65.24,67.2,65.09,66.63,1465600,65.18,vw
2009-12-14,67.7,68.43,67.16,67.88,1046400,66.4,vw
2009-12-15,68,68.43,67.62,68.2,706100,66.71,vw
2009-12-16,67.92,68.48,67.7,68.48,850800,66.99,vw
2009-12-17,68.3,68.33,65.51,66.23,761300,64.79,vw
2009-12-18,65.98,69.05,64.56,65.95,1977600,64.51,vw
2009-12-21,67.62,67.96,65.6,66.42,1113200,64.97,vw
2009-12-22,67,67.74,65.06,65.5,3893300,64.07,vw
2009-12-23,66.04,66.15,63.26,63.64,1979400,62.25,vw
2009-12-28,64.38,64.8,63.63,64.51,525100,63.1,vw
2009-12-29,64.88,65.64,63.92,65.63,405400,64.2,vw
2009-12-30,65.79,65.9,64.59,65.74,339400,64.31,vw
2010-01-04,65.15,65.73,63.45,64.5,900700,63.09,vw
2010-01-05,64.5,64.89,62.18,63.25,888000,61.87,vw
2010-01-06,63.59,65.19,62.62,65,1195000,63.58,vw
2010-01-07,64.97,66.31,64.43,65.75,1101400,64.32,vw
2010-01-08,65.9,67.1,65.71,66.46,932200,65.01,vw
2010-01-11,67,67.79,66.55,66.95,1033500,65.49,vw
2010-01-12,66.81,66.88,64.55,65.2,923700,63.78,vw
2010-01-13,64.61,64.96,62.73,63.5,1505800,62.12,vw
2010-01-14,64.16,64.26,62.91,63.5,838700,62.12,vw
2010-01-15,63.5,63.77,61.3,61.46,1008700,60.12,vw
2010-01-18,61.9,62.74,61.63,61.63,616900,60.29,vw
2010-01-19,61.47,61.57,57.91,60.7,1999400,59.38,vw
2010-01-20,60,60.47,58.76,59.5,1113100,58.2,vw
2010-01-21,59.67,60.02,57.68,58.05,976600,56.79,vw
2010-01-22,57.77,59.69,56.68,56.91,1588900,55.67,vw
2010-01-25,56.66,57.82,55.91,57.15,940200,55.9,vw
2010-01-26,56.51,57.8,55.96,57.8,875700,56.54,vw
2010-01-27,57.35,57.67,55.37,56.19,1281200,54.97,vw
2010-01-28,56.8,57.42,56.28,56.5,1391500,55.27,vw
2010-01-29,57,59.55,56.71,58.6,1316800,57.32,vw
2010-02-01,58.5,60.9,58.27,60.62,1356300,59.3,vw
2010-02-02,60.63,61.45,59.46,61.04,1548500,59.71,vw
2010-02-03,61.3,62.95,61.16,61.5,1849700,60.16,vw
2010-02-04,61.65,62.54,60.01,60.6,1477100,59.28,vw
2010-02-05,59.95,60.28,58.35,59.24,1722100,57.95,vw
2010-02-08,59.7,59.7,57.83,58.65,1237000,57.37,vw
2010-02-09,58.77,59.45,56.86,57.42,1075400,56.17,vw
2010-02-10,58,58.95,57.71,58.9,875600,57.62,vw
2010-02-11,59,59.3,56.54,57.15,1282500,55.9,vw
2010-02-12,57.99,58.56,55,56.06,1492200,54.84,vw
2010-02-15,56.11,56.64,55.67,55.83,375500,54.61,vw
2010-02-16,56.32,56.79,55.23,56.63,466200,55.4,vw
2010-02-17,57,59.49,56.87,59.1,1321000,57.81,vw
2010-02-18,59.1,60.3,58.28,59.42,1045600,58.13,vw
2010-02-19,59.23,60.16,58.76,60.14,879500,58.83,vw
2010-02-22,60.49,62.35,59.79,61.26,1056400,59.93,vw
2010-02-23,62,62.44,60.14,60.69,1004200,59.37,vw
2010-02-24,60.87,62.1,60.53,61.66,841000,60.32,vw
2010-02-25,61.41,62.41,60.34,60.58,778800,59.26,vw
2010-02-26,60.85,61,59.11,59.8,1362500,58.5,vw
2010-03-01,60.25,60.9,59.62,60.3,1087200,58.99,vw
2010-03-02,60.5,61.3,60.45,60.7,731800,59.38,vw
2010-03-03,61.03,62.28,60.5,62.11,785800,60.76,vw
2010-03-04,61.9,62.78,61.1,61.4,755100,60.06,vw
2010-03-05,61.95,64,61.47,63.4,1569300,62.02,vw
2010-03-08,63.73,64.79,62.72,64.63,1279100,63.22,vw
2010-03-09,64.98,65.35,63.61,63.62,948100,62.23,vw
2010-03-10,63.74,64.03,62.4,63.75,1016700,62.36,vw
2010-03-11,63.75,69.09,63.5,68.68,3020700,67.18,vw
2010-03-12,69.14,74.2,69.04,69.99,3571000,68.46,vw
2010-03-15,70.26,71,68.63,68.84,856700,67.34,vw
2010-03-16,69.45,70.88,69,70.4,591500,68.87,vw
2010-03-17,70.9,71.65,69.34,71.45,847900,69.89,vw
2010-03-18,71.36,72.77,70.55,71.48,824300,69.92,vw
2010-03-19,71.99,73.8,71.12,72.16,2087800,70.59,vw
2010-03-22,72,73.19,70.5,72.95,911800,71.36,vw
2010-03-23,72.37,72.9,66.8,68.5,5896800,67.01,vw
2010-03-24,69,69.44,68.14,69.01,2566500,67.51,vw
2010-03-25,69.5,69.53,66.57,66.57,3576000,65.12,vw
2010-03-26,68.05,69.39,67.85,69.2,3797000,67.69,vw
2010-03-29,69.49,70.42,68.9,69.34,1389200,67.83,vw
2010-03-30,69.5,70,67.43,67.91,2354100,66.43,vw
2010-03-31,67.8,68.38,66.8,67.9,5337400,66.42,vw
2010-04-01,68.1,69.65,67.75,69.52,2340700,68.01,vw
2010-04-06,69.76,71.3,69.66,71.12,2923400,69.57,vw
2010-04-07,70.93,71.39,70.42,70.65,1992800,69.11,vw
2010-04-08,70.3,70.6,68.28,68.9,2053200,67.4,vw
2010-04-09,69.78,70,68.02,68.7,3643500,67.2,vw
2010-04-12,69,69.2,68.06,68.2,882900,66.71,vw
2010-04-13,68.11,68.38,67.02,67.5,1759200,66.03,vw
2010-04-14,67.94,69.79,67.56,69.69,2308900,68.17,vw
2010-04-15,69.86,71,69.5,70.4,1769300,68.87,vw
2010-04-16,69.99,71.9,69.81,70.92,3355400,69.37,vw
2010-04-19,71,71.15,69.2,70,1383400,68.47,vw
2010-04-20,71.51,73.48,71.1,72.5,2147800,70.92,vw
2010-04-21,73.76,75.72,72.85,75.26,5870100,73.62,vw
2010-04-22,75.35,76.46,73.86,76.18,3031500,74.52,vw
2010-04-23,75.51,75.9,73.2,73.47,2157100,73.47,vw
2010-04-26,74.5,74.75,72.9,73.5,1288500,73.5,vw
2010-04-27,73.28,73.34,71.04,71.04,1486800,71.04,vw
2010-04-28,70,70.41,67.71,68.6,3262400,68.6,vw
2010-04-29,69,72.41,68.7,72.41,2078200,72.41,vw
2010-04-30,72.87,73.38,70.68,72.54,1380300,72.54,vw
2010-05-03,72.74,73.46,70.84,73.36,784800,73.36,vw
2010-05-04,73.85,73.85,69.72,70.16,1873200,70.16,vw
2010-05-05,70.35,71.12,67.67,68.68,2723900,68.68,vw
2010-05-06,68.43,70.82,68,69.21,1965200,69.21,vw
2010-05-07,68,68.78,66.25,67.31,3129500,67.31,vw
2010-05-10,69,71.33,68.69,70.77,2168300,70.77,vw
2010-05-11,70.44,70.9,69.54,70.9,1357100,70.9,vw
2010-05-12,70.96,72.83,70.35,72.4,1175200,72.4,vw
2010-05-13,73.18,74,72.54,72.86,1202100,72.86,vw
2010-05-14,72.48,72.91,70.7,71.12,1555100,71.12,vw
2010-05-17,71.26,71.61,69.47,69.54,1334800,69.54,vw
2010-05-18,70.5,71.69,70.09,71.12,1149000,71.12,vw
2010-05-19,70.4,70.65,67.79,69.07,1713600,69.07,vw
2010-05-20,69.75,70.26,64.36,66.5,2868800,66.5,vw
2010-05-21,66.13,67.74,64.02,66.05,2613000,66.05,vw
2010-05-24,66.75,68.34,65.05,68.16,1145000,68.16,vw
2010-05-25,66.83,66.85,65.1,66.05,1321800,66.05,vw
2010-05-26,66.67,70.42,66.22,69.68,1676700,69.68,vw
2010-05-27,69.73,71,69.32,70.52,1146700,70.52,vw
2010-05-28,70.87,71.48,69.73,70.18,973500,70.18,vw
2010-05-31,70.18,72,70.15,71.73,534300,71.73,vw
2010-06-01,71.5,72.85,70.01,72.36,1087500,72.36,vw
2010-06-02,71.7,72.67,70.41,72.04,960100,72.04,vw
2010-06-03,72.9,73.39,71.32,72.29,1040300,72.29,vw
2010-06-04,72.2,72.59,69.89,70.03,1113400,70.03,vw
2010-06-07,69.2,70.44,68.5,69.95,811700,69.95,vw
2010-06-08,70.45,70.45,68.62,69.18,1162100,69.18,vw
2010-06-09,69.7,70.38,68.79,70.31,944400,70.31,vw
2010-06-10,69.96,72.59,69.23,72.21,1193800,72.21,vw
2010-06-11,72.5,72.9,70.8,72.18,1095600,72.18,vw
2010-06-14,72.9,73.01,71.45,72.11,778300,72.11,vw
2010-06-15,71.6,72.64,70.77,72.27,813100,72.27,vw
2010-06-16,72.82,72.88,71.08,72.44,1423200,72.44,vw
2010-06-17,72.32,75.2,72.23,75.2,1617800,75.2,vw
2010-06-18,75.25,76,74.47,75.75,2497700,75.75,vw
2010-06-21,77.12,78.23,76.59,77.73,1238500,77.73,vw
2010-06-22,77.44,77.82,75.43,76.65,991000,76.65,vw
2010-06-23,76,77.77,75.6,76.81,564800,76.81,vw
2010-06-24,77.02,78.15,76.01,77.23,897600,77.23,vw
2010-06-25,76.2,76.41,74.97,75.07,1255000,75.07,vw
2010-06-28,75.15,76.56,75.1,75.94,590600,75.94,vw
2010-06-29,74.85,75.14,72.81,73.43,1233300,73.43,vw
2010-06-30,73.52,74.71,72.22,72.38,1153100,72.38,vw
2010-07-01,71.5,71.7,69.97,69.97,1475200,69.97,vw
2010-07-02,71,71.5,70,70.07,704100,70.07,vw
2010-07-05,70.47,70.85,69.81,70,387500,70,vw
2010-07-06,70.59,71.97,70.59,71.38,665800,71.38,vw
2010-07-07,70.45,71.65,70.06,71.24,767100,71.24,vw
2010-07-08,71.63,71.97,70.85,71.25,756300,71.25,vw
2010-07-09,71.25,72.44,70.92,72.12,535700,72.12,vw
2010-07-12,72.69,73.87,72.5,73.22,852200,73.22,vw
2010-07-13,73.44,77.04,73.44,77,1475200,77,vw
2010-07-14,77.4,77.4,75.85,77.3,900300,77.3,vw
2010-07-15,76.6,77.9,75.23,75.82,931100,75.82,vw
2010-07-16,75.99,77.21,74.18,76,1099100,76,vw
2010-07-19,76,76.33,74.05,74.63,756800,74.63,vw
2010-07-20,74.9,75.48,73.79,74.19,661000,74.19,vw
2010-07-21,74.82,76.76,74.27,75.46,810300,75.46,vw
2010-07-22,75.34,78.9,75.2,78.72,1442700,78.72,vw
2010-07-23,78.62,79.39,77.61,79.27,934700,79.27,vw
2010-07-26,79.4,79.95,78.96,79.95,597900,79.95,vw
2010-07-27,79.9,80,78.32,78.69,842100,78.69,vw
2010-07-28,78.52,79.35,76.43,78.59,873000,78.59,vw
2010-07-29,78.58,81.75,77.55,80.99,2518300,80.99,vw
2010-07-30,81.66,81.75,80.18,81.31,1232500,81.31,vw
2010-08-02,81.75,84.88,81.12,84.5,1820900,84.5,vw
2010-08-03,84.25,85.16,81.77,83.32,1182300,83.32,vw
2010-08-04,83.38,83.42,80.9,81.88,1031200,81.88,vw
2010-08-05,81.95,82.72,81.02,81.5,882500,81.5,vw
2010-08-06,81.84,82.19,79.62,79.75,916300,79.75,vw
2010-08-09,81.4,81.4,80.08,80.37,815300,80.37,vw
2010-08-10,80.5,80.5,79.16,79.97,783500,79.97,vw
2010-08-11,79.95,80.69,77.93,78.07,926300,78.07,vw
2010-08-12,78.2,78.4,76.73,77.93,1080900,77.93,vw
2010-08-13,78.12,78.66,76.23,77.02,820600,77.02,vw
2010-08-16,77.22,78.4,76.7,77.6,429700,77.6,vw
2010-08-17,78,78.95,77.9,78.6,628100,78.6,vw
2010-08-18,78.6,79.17,77.05,78.03,857500,78.03,vw
2010-08-19,78.76,79.9,77.92,78.58,786000,78.58,vw
2010-08-20,78.48,79.16,77.66,78.86,783700,78.86,vw
2010-08-23,79.13,80,78.65,79.89,690700,79.89,vw
2010-08-24,79.49,79.74,78,79.08,774400,79.08,vw
2010-08-25,78.66,78.94,76.16,77.6,880500,77.6,vw
2010-08-26,78.17,79.93,77.75,79.21,689500,79.21,vw
2010-08-27,79,79.3,77.15,79.02,885300,79.02,vw
2010-08-30,78.99,79.39,77.5,78.12,380600,78.12,vw
2010-08-31,77.12,78.53,76.8,78.53,787900,78.53,vw
2010-09-01,79.03,80.83,77.68,80.7,619500,80.7,vw
2010-09-02,80.49,82.17,79.34,81.55,645500,81.55,vw
2010-09-03,81.82,83.6,81.44,82.8,560200,82.8,vw
2010-09-06,83.2,83.3,82.31,83.14,461700,83.14,vw
2010-09-07,83.01,83.39,82.31,83.3,422800,83.3,vw
2010-09-08,83.22,84.15,82.23,83.33,820000,83.33,vw
2010-09-09,83.28,85.42,82.61,85.42,1037400,85.42,vw
2010-09-10,85.5,88.07,85.21,87.78,1054700,87.78,vw
2010-09-13,88.56,89.61,88.25,88.96,1045900,88.96,vw
2010-09-14,88.9,89.25,88.08,89.02,688600,89.02,vw
2010-09-15,89.02,89.92,88.79,89.57,657800,89.57,vw
2010-09-16,89.79,89.93,87.82,88.88,785300,88.88,vw
2010-09-17,89.8,92.71,89.33,91.21,3414600,91.21,vw
2010-09-20,91.3,91.9,90.69,91.82,673100,91.82,vw
2010-09-21,91.83,92.6,91.2,91.82,572400,91.82,vw
2010-09-22,91.93,92.19,89.57,90.78,609500,90.78,vw
2010-09-23,91.23,91.23,87.59,88.75,715500,88.75,vw
2010-09-24,88.75,91.13,88.28,90.93,642500,90.93,vw
2010-09-27,91.07,91.32,89.62,91.06,388800,91.06,vw
2010-09-28,91,91.24,89.15,90.29,724300,90.29,vw
2010-09-29,90.69,91.15,88.95,89.95,689500,89.95,vw
2010-09-30,89.45,90,88.22,88.53,896800,88.53,vw
2010-10-01,88.43,89.5,86.3,86.5,952700,86.5,vw
2010-10-04,87,87.26,82.79,83.36,2102300,83.36,vw
2010-10-05,83.75,84.6,81.8,83.97,2599700,83.97,vw
2010-10-06,85,87.19,84.51,84.95,1709000,84.95,vw
2010-10-07,85.3,88.09,84.63,87.13,808800,87.13,vw
2010-10-08,87.5,89.82,87,89.28,805100,89.28,vw
2010-10-11,89.94,90.86,89.89,90.54,704700,90.54,vw
2010-10-12,90.5,92.28,89.39,91.17,986300,91.17,vw
2010-10-13,92.5,92.5,90.3,90.59,836800,90.59,vw
2010-10-14,91.32,92.15,90.59,91.14,588100,91.14,vw
2010-10-15,91.18,92.7,90.57,92.2,1150400,92.2,vw
2010-10-18,91.59,92.18,91.18,91.5,529800,91.5,vw
2010-10-19,91.4,92.64,89.85,90.3,688000,90.3,vw
2010-10-20,89.85,90.9,89.32,90.54,493700,90.54,vw
2010-10-21,90.44,94.49,90.31,93.78,1091000,93.78,vw
2010-10-22,93.89,98.36,93.22,96.76,2126600,96.76,vw
2010-10-25,99.5,103.5,99.26,103.35,2007400,103.35,vw
2010-10-26,103.65,105.65,101.75,104.65,1829400,104.65,vw
2010-10-27,104.8,105.3,103.6,104.45,1217200,104.45,vw
2010-10-28,104.9,108.7,104.5,107.35,1261400,107.35,vw
2010-10-29,107.75,109.4,106.5,108,1276300,108,vw
2010-11-01,109.4,109.5,103.8,105.05,1203200,105.05,vw
2010-11-02,105.6,106.9,105.25,105.8,569400,105.8,vw
2010-11-03,106.6,108,106,106.75,1007900,106.75,vw
2010-11-04,108,108.4,106.8,107.8,784300,107.8,vw
2010-11-05,108.2,108.5,106.9,107.65,682700,107.65,vw
2010-11-08,108.4,109.05,107.75,108.85,407500,108.85,vw
2010-11-09,109.05,113.1,108.3,111.45,984000,111.45,vw
2010-11-10,110.85,111.2,108.1,108.65,911400,108.65,vw
2010-11-11,109.95,111.15,109.1,110.6,691100,110.6,vw
2010-11-12,109.5,114.65,108.55,114,1110000,114,vw
2010-11-15,113.7,117.6,112.6,116.6,919000,116.6,vw
2010-11-16,116.8,118,115.1,115.5,1050300,115.5,vw
2010-11-17,115.3,116.35,114.15,115.9,698400,115.9,vw
2010-11-18,117.2,119.5,116.7,119.15,847000,119.15,vw
2010-11-19,119.15,122.75,118.35,122.7,1082000,122.7,vw
2010-11-22,125,127.2,124.6,125.9,1223300,125.9,vw
2010-11-23,125,125.7,118.65,119,1930500,119,vw
2010-11-24,121.1,124.75,118.4,124.35,1305900,124.35,vw
2010-11-25,124.75,127.3,124.5,127.05,692000,127.05,vw
2010-11-26,126.8,128.4,123.25,127.35,1121000,127.35,vw
2010-11-29,128.95,129,123.6,124.3,1229300,124.3,vw
2010-11-30,124.95,128.1,121.55,123.8,1348700,123.8,vw
2010-12-01,124.55,128.65,124.55,127.8,1209400,127.8,vw
2010-12-02,129,131.9,127.8,130.15,1668100,130.15,vw
2010-12-03,130,135.6,129.5,135.15,1312300,135.15,vw
2010-12-06,137.7,139.45,135.75,136.4,1103300,136.4,vw
2010-12-07,137.2,138.5,136.1,136.9,1007100,136.9,vw
2010-12-08,136,137.25,128.85,129.25,1387600,129.25,vw
2010-12-09,131,131.15,120.2,124.2,3127900,124.2,vw
2010-12-10,125.1,129,124.2,129,1036900,129,vw
2010-12-13,130.3,133,129.6,131.4,696700,131.4,vw
2010-12-14,132,132.85,127.4,128.9,852400,128.9,vw
2010-12-15,128.4,130.45,125.4,129,981700,129,vw
2010-12-16,128.9,129.5,125.75,126.1,643100,126.1,vw
2010-12-17,127.3,127.3,121.8,121.8,1625300,121.8,vw
2010-12-20,122.4,126.8,122.05,126.25,665300,126.25,vw
2010-12-21,127,129.15,125.95,129.15,636100,129.15,vw
2010-12-22,129.1,131.8,128.3,129.85,588000,129.85,vw
2010-12-23,130.5,130.5,127.55,128.1,402200,128.1,vw
2010-12-27,127.45,127.45,120.8,122,1152400,122,vw
2010-12-28,122.9,123.4,117.4,121.25,921100,121.25,vw
2010-12-29,122,123.85,121.5,123.85,551800,123.85,vw
2010-12-30,124.7,125,121.4,121.4,363600,121.4,vw
2011-01-03,124.2,127.6,123.8,127.6,831700,127.6,vw
2011-01-04,126.65,129.65,125.15,129.05,991800,129.05,vw
2011-01-05,128.8,129.55,122.2,125.75,1314400,125.75,vw
2011-01-06,126.45,127.35,124.5,124.85,900400,124.85,vw
2011-01-07,126,129.2,125.45,127.85,895500,127.85,vw
2011-01-10,127.75,128.05,126.05,126.85,545300,126.85,vw
2011-01-11,126.7,131.8,126.4,131.2,1094600,131.2,vw
2011-01-12,131.9,133.25,128.8,130.45,966200,130.45,vw
2011-01-13,131.05,131.8,125.7,125.7,1243100,125.7,vw
2011-01-14,126.3,128.85,125.55,125.75,867700,125.75,vw
2011-01-17,126.55,126.8,123.15,124.25,817500,124.25,vw
2011-01-18,125,126.2,122.55,122.95,1121000,122.95,vw
2011-01-19,123.8,124.3,120.8,121.65,1175700,121.65,vw
2011-01-20,123.2,123.45,115.55,116.05,2411200,116.05,vw
2011-01-21,116.5,116.95,111.8,114,2301300,114,vw
2011-01-24,114.05,115.65,109.4,115.65,2161600,115.65,vw
2011-01-25,116.35,117.2,113.65,114.35,1218200,114.35,vw
2011-01-26,115.45,118.55,115,118.1,1148500,118.1,vw
2011-01-27,119.15,120.65,116.45,118.05,1201100,118.05,vw
2011-01-28,120,120.65,117.25,120.4,1130500,120.4,vw
2011-01-31,119.75,120.1,116.2,118,1082800,118,vw
2011-02-01,119,120.15,117.2,118.15,888100,118.15,vw
2011-02-02,118.4,120.6,115.05,115.8,1313500,115.8,vw
2011-02-03,115.55,116.55,112.75,116,948300,116,vw
2011-02-04,115.5,116,113.95,115.35,693000,115.35,vw
2011-02-07,115.4,119,114.6,119,891000,119,vw
2011-02-08,119.05,123.2,118,122.9,1460200,122.9,vw
2011-02-09,122.95,124.3,122.1,123.4,905600,123.4,vw
2011-02-10,122.85,124.9,122.05,124.9,649700,124.9,vw
2011-02-11,124.3,128.2,123.6,128.2,1147500,128.2,vw
2011-02-14,128.75,129.4,125.6,126.65,760700,126.65,vw
2011-02-15,125.95,127.6,121.85,122.25,1139200,122.25,vw
2011-02-16,122.25,123.35,120.6,123,1342000,123,vw
2011-02-17,123.05,123.5,118.55,121.05,1212500,121.05,vw
2011-02-18,121.5,121.55,118.65,119.65,880900,119.65,vw
2011-02-21,119.65,120.85,116.8,117.35,848400,117.35,vw
2011-02-22,117.2,121.45,116.1,120.7,1073500,120.7,vw
2011-02-23,119.7,120.25,115.05,115.9,1229400,115.9,vw
2011-02-24,113.95,115,111.5,112.45,1631500,112.45,vw
2011-02-25,113.25,119.5,112.75,119.4,1856900,119.4,vw
2011-02-28,120.5,123.25,119.75,122.9,1214700,122.9,vw
2011-03-01,123.5,125.75,119.6,120.95,1262000,120.95,vw
2011-03-02,119,119.85,117.1,119.2,1311200,119.2,vw
2011-03-03,120.1,121.3,118.6,119.05,866300,119.05,vw
2011-03-04,120.25,120.75,116.3,117.1,773100,117.1,vw
2011-03-07,115.2,117.85,114.7,115.95,867700,115.95,vw
2011-03-08,118,119.2,116.4,118.65,863600,118.65,vw
2011-03-09,119,120.35,117.9,118.45,998100,118.45,vw
2011-03-10,117.5,118.05,113.65,114.2,1792600,114.2,vw
2011-03-11,113.1,115.5,112.7,114.3,931800,114.3,vw
2011-03-14,112.25,114.5,111.65,113.2,961000,113.2,vw
2011-03-15,110,110.5,103.3,108.95,2851300,108.95,vw
